<application>
  <component name="FileTypeManager" version="19">
    <extensionMap>
      <mapping ext="dtsi" type="AUTO_DETECTED" />
      <mapping pattern="mcp.json" type="JSON5" />
      <mapping pattern=".gitkeep" type="PLAIN_TEXT" />
      <mapping pattern=".env.stubrunner" type="PLAIN_TEXT" />
      <mapping pattern=".env.h2" type="PLAIN_TEXT" />
      <mapping ext="keymap" type="PLAIN_TEXT" />
      <mapping ext="org" type="PLAIN_TEXT" />
      <mapping ext="plantuml" type="PlantUML file" />
      <removed_mapping ext="dtsi" approved="true" type="DTS" />
    </extensionMap>
  </component>
</application>