<application>
  <component name="GraziConfig">
    <option name="enabledLanguages">
      <set>
        <option value="English (US)" />
        <option value="German (Germany)" />
      </set>
    </option>
    <option name="userDisabledRules">
      <set>
        <option value="LanguageTool.EN.OXFORD_SPELLING_Z_NOT_S" />
        <option value="LanguageTool.EN.OXFORD_SPELLING_GRAM" />
      </set>
    </option>
    <option name="suppressingContext">
      <SuppressingContext>
        <option name="suppressed">
          <set>
            <option value="If a `POST` request is with a not valid business case defined birthday The client will get a `BadRequest" />
            <option value="request is sent" />
          </set>
        </option>
      </SuppressingContext>
    </option>
  </component>
</application>