<application>
  <component name="GeneralSettings">
    <option name="showTipsOnStartup" value="false" />
    <option name="reopenLastProject" value="false" />
    <option name="confirmExit" value="false" />
    <option name="confirmOpenNewProject2" value="0" />
  </component>
  <component name="Registry">
    <entry key="terminal.new.ui" value="true" source="SYSTEM" />
    <entry key="suggest.all.run.configurations.from.context" value="true" source="SYSTEM" />
    <entry key="ide.experimental.ui" value="true" source="SYSTEM" />
  </component>
  <component name="StatusBar">
    <option name="widgets">
      <map>
        <entry key="Memory" value="true" />
        <entry key="PowerSaveMode" value="true" />
        <entry key="VFS_REFRESH" value="true" />
        <entry key="aws.codewhisperer" value="false" />
        <entry key="git" value="true" />
      </map>
    </option>
  </component>
</application>