<application>
  <component name="LafManager">
    <laf themeId="761771ad-a164-482d-96ee-fca15bf0a238" />
    <lafs-to-previous-schemes>
      <laf-to-scheme laf="CopilotTheme" scheme="_@user_Gruvbox Dark Hard" />
      <laf-to-scheme laf="ExperimentalDark" scheme="_@user_Catppuccin Mocha" />
      <laf-to-scheme laf="High contrast" scheme="myHigh contrast" />
      <laf-to-scheme laf="JetBrainsHighContrastTheme" scheme="_@user_Catppuccin Mocha" />
      <laf-to-scheme laf="Palenight" scheme="_@user_Palenight" />
      <laf-to-scheme laf="b8abb5dc-b0c9-4d20-97f7-ec5cde31cfd7" scheme="_@user_Monokai Pro (Filter Spectrum)" />
      <laf-to-scheme laf="com.github.catppuccin.macchiato.jetbrains" scheme="_@user_Catppuccin Macchiato (no italics)" />
      <laf-to-scheme laf="com.github.shubham076.nightOwl" scheme="_@user_Noctis" />
      <laf-to-scheme laf="ef29b6ef-e306-45f0-919d-6264c9105248" scheme="myGitHub Dark" />
      <laf-to-scheme laf="f2de70af-bc81-47f2-a734-4c807d5ca444" scheme="_@user_GitHub Dark" />
      <laf-to-scheme laf="intellij_github_dark_dimmed_theme" scheme="_@user_Catppuccin Macchiato" />
      <laf-to-scheme laf="intellij_github_dark_theme" scheme="myGitHub Dark" />
    </lafs-to-previous-schemes>
  </component>
</application>