<application>
  <component name="ProjectManager">
    <defaultProject>
      <component name="Kotlin2JvmCompilerArguments">
        <option name="jvmTarget" value="17" />
      </component>
      <component name="KtfmtSettings">
        <option name="enabled" value="true" />
        <option name="uiFormatterStyle" value="Kotlinlang" />
      </component>
      <component name="ProjectView">
        <navigator proportions="" version="1" />
        <panes />
      </component>
      <component name="ProjectViewState">
        <option name="autoscrollFromSource" value="true" />
        <option name="hideEmptyMiddlePackages" value="true" />
        <option name="showLibraryContents" value="true" />
      </component>
      <component name="PropertiesComponent"><![CDATA[{
  "keyToString": {
    "settings.editor.selected.configurable": "reference.settingsdialog.IDE.editor.colors.Color Scheme Font"
  }
}]]></component>
      <component name="TaskManager">
        <task active="true" id="Default" summary="Default task">
          <created>1715879944170</created>
          <option name="number" value="Default" />
          <option name="presentableId" value="Default" />
          <updated>1715879944170</updated>
          <workItem from="1715879945341" duration="64000" />
        </task>
        <servers />
      </component>
      <component name="TimeTrackingManager">
        <option name="totallyTimeSpent" value="64000" />
      </component>
      <component name="WindowStateProjectService">
        <state x="965" y="42" width="900" height="1191" key="SettingsEditor" timestamp="1721625050909">
          <screen x="0" y="37" width="1920" height="1206" />
        </state>
        <state x="967" y="1082" width="947" height="1067" key="SettingsEditor/0.0.3840.2160" timestamp="1720811545512" />
        <state x="965" y="42" width="900" height="1191" key="SettingsEditor/0.37.1920.1206" timestamp="1721625050909" />
      </component>
    </defaultProject>
  </component>
</application>