<application>
  <component name="SettingsSyncSettings">
    <option name="disabledSubcategories">
      <map>
        <entry key="PLUGINS">
          <value>
            <list>
              <option value="ca.alexgirard.HarpoonIJ" />
              <option value="com.github.lonre.gruvbox-intellij-theme" />
              <option value="monokai-pro" />
            </list>
          </value>
        </entry>
      </map>
    </option>
    <option name="migrationFromOldStorageChecked" value="true" />
  </component>
</application>