<application>
  <component name="Trusted.Paths">
    <option name="TRUSTED_PROJECT_PATHS">
      <map>
        <entry key="$USER_HOME$/.dotfiles" value="true" />
        <entry key="$USER_HOME$/.dotfiles/.config" value="true" />
        <entry key="$USER_HOME$/.dotfiles/.config/nvim" value="true" />
        <entry key="$USER_HOME$/.dotfiles/.config/tmux" value="true" />
        <entry key="$USER_HOME$/.dotfiles/.config/wezterm" value="true" />
        <entry key="$USER_HOME$/Downloads/KotlinProject" value="true" />
        <entry key="$USER_HOME$/Downloads/axon" value="true" />
        <entry key="$USER_HOME$/Downloads/demo" value="true" />
        <entry key="$USER_HOME$/Downloads/kboot-k3d" value="true" />
        <entry key="$USER_HOME$/Downloads/kboot-k8s" value="true" />
        <entry key="$USER_HOME$/Downloads/kboot-shell" value="true" />
        <entry key="$USER_HOME$/dev/azure/helsana/medikamente-service" value="true" />
        <entry key="$USER_HOME$/dev/azure/helsana/myhelsana-azure-servicebus-starter" value="true" />
        <entry key="$USER_HOME$/dev/azure/helsana/myhelsana-root-repo/domain-services/auftrag-service" value="true" />
        <entry key="$USER_HOME$/dev/azure/helsana/myhelsana-root-repo/domain-services/medikamente-service" value="true" />
        <entry key="$USER_HOME$/dev/azure/helsana/myhelsana-root-repo/domain-services/mydata-service" value="true" />
        <entry key="$USER_HOME$/dev/azure/helsana/myhelsana-root-repo/domain-services/partner-service" value="true" />
        <entry key="$USER_HOME$/dev/azure/helsana/myhelsana-root-repo/domain-services/pendenzen-service" value="true" />
        <entry key="$USER_HOME$/dev/azure/helsana/myhelsana-root-repo/infrastructure/k8s-s3-monitor" value="true" />
        <entry key="$USER_HOME$/dev/azure/helsana/myhelsana-root-repo/integration-services/conversation-integration" value="true" />
        <entry key="$USER_HOME$/dev/azure/helsana/myhelsana-root-repo/integration-services/medikamente-integration" value="true" />
        <entry key="$USER_HOME$/dev/azure/helsana/myhelsana-root-repo/integration-services/mydata-event-integration" value="true" />
        <entry key="$USER_HOME$/dev/azure/helsana/myhelsana-root-repo/libraries/fsl-security-starter" value="true" />
        <entry key="$USER_HOME$/dev/azure/helsana/myhelsana-root-repo/playground/mysafe-playground" value="true" />
        <entry key="$USER_HOME$/dev/azure/helsana/mysafe-playground" value="true" />
        <entry key="$USER_HOME$/dev/azure/helsana/pendenzen-service" value="true" />
        <entry key="$USER_HOME$/dev/github/c3smonkey/corne-wireless-view-zmk-config" value="true" />
        <entry key="$USER_HOME$/dev/github/c3smonkey/legacy-cv-c3smonkey.github.io" value="true" />
        <entry key="$USER_HOME$/dev/github/c3smonkey/zmk-config" value="true" />
        <entry key="$USER_HOME$/dev/github/c3smonkey/zmk-config-corne" value="true" />
        <entry key="$USER_HOME$/dev/github/c3smonkey/zmk-config-knucklehead" value="true" />
        <entry key="$USER_HOME$/dev/github/keyboard/zmk-AakashDabas" value="true" />
        <entry key="$USER_HOME$/dev/github/marzelwidmer/axon-demo" value="true" />
        <entry key="$USER_HOME$/dev/github/marzelwidmer/axon-hateoas-demo" value="true" />
        <entry key="$USER_HOME$/dev/github/marzelwidmer/blog-personal-hugo-site" value="true" />
        <entry key="$USER_HOME$/dev/github/marzelwidmer/blog/marzelwidmer.github.io" value="true" />
        <entry key="$USER_HOME$/dev/github/marzelwidmer/http-interfaces" value="true" />
        <entry key="$USER_HOME$/dev/github/marzelwidmer/kboot-axon" value="true" />
        <entry key="$USER_HOME$/dev/github/marzelwidmer/kboot-camunda" value="true" />
        <entry key="$USER_HOME$/dev/github/marzelwidmer/kboot-ddd" value="true" />
        <entry key="$USER_HOME$/dev/github/marzelwidmer/kboot-ddd/application-module" value="true" />
        <entry key="$USER_HOME$/dev/github/marzelwidmer/kboot-k3d" value="true" />
        <entry key="$USER_HOME$/dev/github/marzelwidmer/kboot-postgres" value="true" />
        <entry key="$USER_HOME$/dev/github/marzelwidmer/kboot-puername" value="true" />
        <entry key="$USER_HOME$/dev/github/marzelwidmer/kboot-starter" value="true" />
        <entry key="$USER_HOME$/dev/github/marzelwidmer/kboot-template" value="true" />
        <entry key="$USER_HOME$/dev/github/marzelwidmer/notes" value="true" />
        <entry key="$USER_HOME$/dev/github/marzelwidmer/resume/marcelwidmer" value="true" />
        <entry key="$USER_HOME$/dev/github/marzelwidmer/spring-cloud-streams-kotlin" value="true" />
        <entry key="$USER_HOME$/dev/github/marzelwidmer/tdd-demo" value="true" />
        <entry key="$USER_HOME$/dev/github/zmk" value="true" />
        <entry key="$USER_HOME$/dev/github/zmk-urob" value="true" />
        <entry key="$USER_HOME$/dev/playground/axon-multi" value="true" />
        <entry key="$USER_HOME$/dev/playground/axoniq-keynote-2023" value="true" />
        <entry key="$USER_HOME$/dev/playground/conference-tracker-sample" value="true" />
        <entry key="$USER_HOME$/dev/playground/extension-amqp" value="true" />
        <entry key="$USER_HOME$/dev/playground/extension-amqp/amqp-axon-example" value="true" />
        <entry key="$USER_HOME$/dev/playground/medisafe" value="true" />
        <entry key="$USER_HOME$/dev/playground/posts" value="true" />
        <entry key="$USER_HOME$/dev/playground/sample-axon-kafka" value="true" />
        <entry key="$USER_HOME$/foo-service" value="true" />
        <entry key="$USER_HOME$/git/azure/c3smonkey/kboot-puername" value="true" />
        <entry key="$USER_HOME$/git/azure/helsana/myhelsana-root-repo/domain-services/medikamente-service" value="true" />
        <entry key="$USER_HOME$/git/azure/helsana/myhelsana-root-repo/domain-services/pendenzen-service" value="true" />
        <entry key="$USER_HOME$/git/azure/helsana/myhelsana-root-repo/integration-services/vertrag-integration" value="true" />
        <entry key="$USER_HOME$/git/github/bendsoft/frequenzdieb" value="true" />
        <entry key="$USER_HOME$/git/github/c3smonkey/keymap-drawer" value="true" />
        <entry key="$USER_HOME$/git/github/c3smonkey/zmk-config" value="true" />
        <entry key="$USER_HOME$/git/github/c3smonkey/zmk-config-knucklehead" value="true" />
        <entry key="$USER_HOME$/git/github/helsana/initializr" value="true" />
        <entry key="$USER_HOME$/git/github/helsana/start.spring.io" value="true" />
        <entry key="$USER_HOME$/git/github/helsana/start.spring.io/start-site" value="true" />
        <entry key="$USER_HOME$/git/github/marzelwidmer/Compose-Multiplatform-Wizard" value="true" />
        <entry key="$USER_HOME$/git/github/marzelwidmer/Harpooner" value="true" />
        <entry key="$USER_HOME$/git/github/marzelwidmer/init.lua" value="true" />
        <entry key="$USER_HOME$/git/github/marzelwidmer/kboot-camel" value="true" />
        <entry key="$USER_HOME$/git/github/marzelwidmer/kboot-ddd" value="true" />
        <entry key="$USER_HOME$/git/github/marzelwidmer/kboot-dsl" value="true" />
        <entry key="$USER_HOME$/git/github/marzelwidmer/kboot-gradleservice" value="true" />
        <entry key="$USER_HOME$/git/github/marzelwidmer/kboot-shell" value="true" />
        <entry key="$USER_HOME$/git/github/marzelwidmer/notification-service" value="true" />
        <entry key="$USER_HOME$/git/github/marzelwidmer/reactjs-data-rest" value="true" />
        <entry key="$USER_HOME$/git/github/marzelwidmer/uzo" value="true" />
        <entry key="$USER_HOME$/git/playground/nvim-playground/traap-nvim" value="true" />
        <entry key="$USER_HOME$/git/playground/spring-shell" value="true" />
        <entry key="$USER_HOME$/git/playground/start.spring.io" value="true" />
      </map>
    </option>
  </component>
  <component name="Trusted.Paths.Settings">
    <option name="TRUSTED_PATHS">
      <list>
        <option value="$USER_HOME$/dev/github/marzelwidmer" />
        <option value="$USER_HOME$/dev/playground" />
        <option value="$USER_HOME$/dev/azure/helsana" />
        <option value="$USER_HOME$/dev/github/c3smonkey" />
        <option value="$USER_HOME$/dev/github/c3smonkey" />
        <option value="$USER_HOME$/dev/github/keyboard" />
        <option value="$USER_HOME$/Downloads" />
        <option value="$USER_HOME$/git/github/marzelwidmer" />
        <option value="$USER_HOME$/git/github/helsana" />
        <option value="$USER_HOME$/git/azure/helsana/myhelsana-root-repo/domain-services" />
        <option value="$USER_HOME$" />
      </list>
    </option>
  </component>
</application>