<application>
  <component name="DimensionService">
    <location key="find.popup.0.0.3840.2486@192dpi" x="628" y="518" />
    <size key="GridCell.Tab.0.left.0.0.3840.2486@192dpi" width="2354" height="724" />
    <size key="GridCell.Tab.0.center.0.0.3840.2486@192dpi" width="2354" height="724" />
    <size key="GridCell.Tab.0.right.0.0.3840.2486@192dpi" width="2354" height="724" />
    <size key="GridCell.Tab.0.bottom.0.0.3840.2486@192dpi" width="2354" height="724" />
    <size key="GridCell.Tab.1.left.0.0.3840.2486@192dpi" width="2354" height="724" />
    <size key="GridCell.Tab.1.center.0.0.3840.2486@192dpi" width="2354" height="724" />
    <size key="GridCell.Tab.1.right.0.0.3840.2486@192dpi" width="2354" height="724" />
    <size key="GridCell.Tab.1.bottom.0.0.3840.2486@192dpi" width="2354" height="724" />
    <size key="GridCell.Tab.2.left.0.0.3840.2486@192dpi" width="2354" height="724" />
    <size key="GridCell.Tab.2.center.0.0.3840.2486@192dpi" width="2354" height="724" />
    <size key="GridCell.Tab.2.right.0.0.3840.2486@192dpi" width="2354" height="724" />
    <size key="GridCell.Tab.2.bottom.0.0.3840.2486@192dpi" width="2354" height="724" />
    <size key="find.popup.0.0.3840.2486@192dpi" width="2212" height="1606" />
    <size key="GridCell.Tab.0.left.0.0.3840.2486@144dpi" width="2630" height="1018" />
    <size key="GridCell.Tab.0.center.0.0.3840.2486@144dpi" width="2630" height="1018" />
    <size key="GridCell.Tab.0.right.0.0.3840.2486@144dpi" width="2630" height="1018" />
    <size key="GridCell.Tab.0.bottom.0.0.3840.2486@144dpi" width="2630" height="1018" />
    <size key="GridCell.Tab.1.left.0.0.3840.2486@144dpi" width="2624" height="1040" />
    <size key="GridCell.Tab.1.center.0.0.3840.2486@144dpi" width="2624" height="1040" />
    <size key="GridCell.Tab.1.right.0.0.3840.2486@144dpi" width="2624" height="1040" />
    <size key="GridCell.Tab.1.bottom.0.0.3840.2486@144dpi" width="2624" height="1040" />
    <size key="GridCell.Tab.3.left.0.0.3840.2486@192dpi" width="2354" height="724" />
    <size key="GridCell.Tab.3.center.0.0.3840.2486@192dpi" width="2354" height="724" />
    <size key="GridCell.Tab.3.right.0.0.3840.2486@192dpi" width="2354" height="724" />
    <size key="GridCell.Tab.3.bottom.0.0.3840.2486@192dpi" width="2354" height="724" />
    <size key="GridCell.Tab.4.left.0.0.3840.2486@192dpi" width="2354" height="724" />
    <size key="GridCell.Tab.4.center.0.0.3840.2486@192dpi" width="2354" height="724" />
    <size key="GridCell.Tab.4.right.0.0.3840.2486@192dpi" width="2354" height="724" />
    <size key="GridCell.Tab.4.bottom.0.0.3840.2486@192dpi" width="2354" height="724" />
  </component>
  <component name="WindowManager">
    <frame x="1919" y="1215" width="1916" height="1199" extendedState="6" />
  </component>
  <component name="WindowStateApplicationService">
    <state x="1441" y="640" width="954" height="1199" key="WELCOME_SCREEN" timestamp="1765440085556">
      <screen x="0" y="39" width="1920" height="1204" />
    </state>
    <state x="1441" y="640" width="954" height="1199" key="WELCOME_SCREEN/0.39.1920.1204" timestamp="1765440085556" />
  </component>
</application>