<keymap version="1" name="My Default for macOS" parent="Mac OS X 10.5+">
  <action id="ActivateMavenToolWindow">
    <keyboard-shortcut first-keystroke="shift alt m" />
  </action>
  <action id="EditorDecreaseFontSize">
    <keyboard-shortcut first-keystroke="shift meta minus" />
  </action>
  <action id="EditorIncreaseFontSize">
    <keyboard-shortcut first-keystroke="shift meta equals" />
  </action>
  <action id="EditorSelectWord">
    <keyboard-shortcut first-keystroke="meta up" />
  </action>
  <action id="EditorUnSelectWord">
    <keyboard-shortcut first-keystroke="meta down" />
  </action>
  <action id="ManageRecentProjects">
    <keyboard-shortcut first-keystroke="shift meta p" />
  </action>
  <action id="OpenInlineChatAction">
    <keyboard-shortcut first-keystroke="shift ctrl g" />
  </action>
  <action id="android.device.power.button" />
  <action id="copilot.disposeInlays" />
</keymap>